{"cameraMode":{"drawMode":0,"name":"Shaded","section":"Shading Mode"},"sceneLighting":false,"audioPlay":false,"sceneViewState":{"showFog":true,"showMaterialUpdate":false,"showSkybox":false,"showFlares":true,"showImageEffects":true,"showParticleSystems":true},"in2DMode":false,"pivot":{"x":-14.549354553222657,"y":-10.338979721069336,"z":15.994576454162598},"rotation":{"x":0.4370349943637848,"y":-0.14065687358379365,"z":0.06940790265798569,"w":0.8856632709503174},"size":35.623802185058597,"orthographic":false}