{"cameraMode":{"drawMode":0,"name":"Shaded","section":"Shading Mode"},"sceneLighting":true,"audioPlay":false,"sceneViewState":{"showFog":true,"showMaterialUpdate":false,"showSkybox":true,"showFlares":true,"showImageEffects":true,"showParticleSystems":true},"in2DMode":false,"pivot":{"x":33.066749572753909,"y":44.85711669921875,"z":-24.762630462646486},"rotation":{"x":-0.43128883838653567,"y":0.12884266674518586,"z":-0.062452029436826709,"w":-0.8908119797706604},"size":32.9481201171875,"orthographic":false}