{"cameraMode":{"drawMode":0,"name":"Shaded","section":"Shading Mode"},"sceneLighting":true,"audioPlay":false,"sceneViewState":{"showFog":true,"showMaterialUpdate":false,"showSkybox":true,"showFlares":true,"showImageEffects":true,"showParticleSystems":true},"in2DMode":false,"pivot":{"x":13.12845230102539,"y":5.112606048583984,"z":5.544214725494385},"rotation":{"x":0.5423622727394104,"y":-0.09903369843959809,"z":0.0645759254693985,"w":0.8317898511886597},"size":23.760982513427736,"orthographic":false}