{"cameraMode":{"drawMode":0,"name":"Shaded","section":"Shading Mode"},"sceneLighting":true,"audioPlay":false,"sceneViewState":{"showFog":true,"showMaterialUpdate":false,"showSkybox":true,"showFlares":true,"showImageEffects":true,"showParticleSystems":true},"in2DMode":false,"pivot":{"x":25.588613510131837,"y":5.585880756378174,"z":4.415225505828857},"rotation":{"x":-0.29554861783981326,"y":-0.5010386109352112,"z":0.1870506852865219,"w":-0.7916301488876343},"size":6.896552085876465,"orthographic":false}