{"cameraMode":{"drawMode":0,"name":"Shaded","section":"Shading Mode"},"sceneLighting":false,"audioPlay":false,"sceneViewState":{"showFog":true,"showMaterialUpdate":false,"showSkybox":false,"showFlares":true,"showImageEffects":true,"showParticleSystems":true},"in2DMode":false,"pivot":{"x":-0.062402546405792239,"y":0.169561505317688,"z":-0.6782933473587036},"rotation":{"x":0.07159314304590225,"y":0.6372264623641968,"z":-0.05963556841015816,"w":0.7650455832481384},"size":2.7963199615478517,"orthographic":false}