{"cameraMode":{"drawMode":0,"name":"Shaded","section":"Shading Mode"},"sceneLighting":false,"audioPlay":false,"sceneViewState":{"showFog":true,"showMaterialUpdate":false,"showSkybox":false,"showFlares":true,"showImageEffects":true,"showParticleSystems":true},"in2DMode":false,"pivot":{"x":-5.737407684326172,"y":-1.1000213623046876,"z":0.9267244338989258},"rotation":{"x":-0.10360273718833924,"y":0.7786175608634949,"z":-0.13351505994796754,"w":-0.6043139100074768},"size":37.04331970214844,"orthographic":false}