{"cameraMode":{"drawMode":0,"name":"Shaded","section":"Shading Mode"},"sceneLighting":false,"audioPlay":false,"sceneViewState":{"showFog":true,"showMaterialUpdate":false,"showSkybox":false,"showFlares":true,"showImageEffects":true,"showParticleSystems":true},"in2DMode":false,"pivot":{"x":0.26384103298187258,"y":-0.34802770614624026,"z":-4.599294662475586},"rotation":{"x":-0.0019505479140207172,"y":0.9888712763786316,"z":-0.14825117588043214,"w":-0.013056500814855099},"size":4.932533264160156,"orthographic":false}