{"cameraMode":{"drawMode":0,"name":"Shaded","section":"Shading Mode"},"sceneLighting":false,"audioPlay":false,"sceneViewState":{"showFog":true,"showMaterialUpdate":false,"showSkybox":false,"showFlares":true,"showImageEffects":true,"showParticleSystems":true},"in2DMode":false,"pivot":{"x":-15.434613227844239,"y":-0.6497763395309448,"z":8.23399543762207},"rotation":{"x":-0.049882665276527408,"y":0.9071636199951172,"z":-0.11243466287851334,"w":-0.4024706482887268},"size":6.9304609298706059,"orthographic":false}