{"cameraMode":{"drawMode":0,"name":"Shaded","section":"Shading Mode"},"sceneLighting":false,"audioPlay":false,"sceneViewState":{"showFog":true,"showMaterialUpdate":false,"showSkybox":false,"showFlares":true,"showImageEffects":true,"showParticleSystems":true},"in2DMode":false,"pivot":{"x":7.831109046936035,"y":0.4127200245857239,"z":3.558253765106201},"rotation":{"x":0.0006725641433149576,"y":0.99844890832901,"z":-0.012292669154703617,"w":0.05458299443125725},"size":4.509513854980469,"orthographic":false}