{"cameraMode":{"drawMode":0,"name":"Shaded","section":"Shading Mode"},"sceneLighting":false,"audioPlay":false,"sceneViewState":{"showFog":true,"showMaterialUpdate":false,"showSkybox":false,"showFlares":true,"showImageEffects":true,"showParticleSystems":true},"in2DMode":false,"pivot":{"x":3.247436285018921,"y":0.0910472646355629,"z":8.779333114624024},"rotation":{"x":-0.11826606094837189,"y":0.6161053776741028,"z":-0.09425462782382965,"w":-0.7730292677879334},"size":4.1076579093933109,"orthographic":false}