{"cameraMode":{"drawMode":0,"name":"Shaded","section":"Shading Mode"},"sceneLighting":false,"audioPlay":false,"sceneViewState":{"showFog":true,"showMaterialUpdate":false,"showSkybox":false,"showFlares":true,"showImageEffects":true,"showParticleSystems":true},"in2DMode":false,"pivot":{"x":-11.263317108154297,"y":0.8470701575279236,"z":12.129828453063965},"rotation":{"x":-0.05745397135615349,"y":0.6764667630195618,"z":-0.05309666320681572,"w":-0.7323124408721924},"size":4.146857261657715,"orthographic":false}