{"cameraMode":{"drawMode":0,"name":"Shaded","section":"Shading Mode"},"sceneLighting":false,"audioPlay":false,"sceneViewState":{"showFog":true,"showMaterialUpdate":false,"showSkybox":false,"showFlares":true,"showImageEffects":true,"showParticleSystems":true},"in2DMode":false,"pivot":{"x":-36.18565368652344,"y":0.7942095398902893,"z":13.285348892211914},"rotation":{"x":-0.14512722194194795,"y":0.7072753310203552,"z":-0.15210309624671937,"w":-0.6749568581581116},"size":0.7418131828308106,"orthographic":false}