{"cameraMode":{"drawMode":0,"name":"Shaded","section":"Shading Mode"},"sceneLighting":false,"audioPlay":false,"sceneViewState":{"showFog":true,"showMaterialUpdate":false,"showSkybox":false,"showFlares":true,"showImageEffects":true,"showParticleSystems":true},"in2DMode":false,"pivot":{"x":6.108573913574219,"y":4.958252906799316,"z":-10.709385871887207},"rotation":{"x":-0.07545290887355805,"y":0.6011040210723877,"z":-0.057177189737558368,"w":-0.7935474514961243},"size":19.860567092895509,"orthographic":false}