{"cameraMode":{"drawMode":0,"name":"Shaded","section":"Shading Mode"},"sceneLighting":true,"audioPlay":false,"sceneViewState":{"showFog":true,"showMaterialUpdate":false,"showSkybox":true,"showFlares":true,"showImageEffects":true,"showParticleSystems":true},"in2DMode":false,"pivot":{"x":-7.051414489746094,"y":-32.85177993774414,"z":29.005268096923829},"rotation":{"x":-0.3898542821407318,"y":0.39084815979003909,"z":-0.18743234872817994,"w":-0.8125530481338501},"size":126.6776123046875,"orthographic":false}