{"cameraMode":{"drawMode":0,"name":"Shaded","section":"Shading Mode"},"sceneLighting":false,"audioPlay":false,"sceneViewState":{"showFog":true,"showMaterialUpdate":false,"showSkybox":false,"showFlares":true,"showImageEffects":true,"showParticleSystems":true},"in2DMode":false,"pivot":{"x":-16.405275344848634,"y":0.04219672083854675,"z":8.753504753112793},"rotation":{"x":-0.046701982617378238,"y":0.8155012726783752,"z":-0.06645648181438446,"w":-0.5730876922607422},"size":1.852078914642334,"orthographic":false}