{"cameraMode":{"drawMode":0,"name":"Shaded","section":"Shading Mode"},"sceneLighting":false,"audioPlay":false,"sceneViewState":{"showFog":true,"showMaterialUpdate":false,"showSkybox":false,"showFlares":true,"showImageEffects":true,"showParticleSystems":true},"in2DMode":false,"pivot":{"x":0.8277000188827515,"y":0.06888601183891297,"z":2.235680103302002},"rotation":{"x":-0.09426937997341156,"y":0.7226629257202148,"z":-0.10060742497444153,"w":-0.6773179769515991},"size":0.7303786873817444,"orthographic":false}